{
    "Random Forest": {
        "accuracy": 1.0,
        "precision": 1.0,
        "recall": 1.0,
        "f1": 1.0
    },
    "Gradient Boosting": {
        "accuracy": 1.0,
        "precision": 1.0,
        "recall": 1.0,
        "f1": 1.0
    },
    "XGBoost": {
        "accuracy": 1.0,
        "precision": 1.0,
        "recall": 1.0,
        "f1": 1.0
    },
    "Logistic Regression": {
        "accuracy": 1.0,
        "precision": 1.0,
        "recall": 1.0,
        "f1": 1.0
    },
    "SVM": {
        "accuracy": 0.9995395948434622,
        "precision": 0.9990822387276963,
        "recall": 0.9995395948434622,
        "f1": 0.9993101570578122
    },
    "Neural Network": {
        "accuracy": 1.0,
        "precision": 1.0,
        "recall": 1.0,
        "f1": 1.0
    }
}